/*
INSERT INTO dbo.Editoriales ("Id", "nombre", "sede") VALUES ('1006', 'LITERATURA RANDOM HOUSE', 'España');
INSERT INTO dbo.Editoriales ("Id", "nombre", "sede") VALUES ('1005', 'DEBOLSILLO', 'Colombia');
INSERT INTO dbo.Editoriales ("Id", "nombre", "sede") VALUES ('1004', 'NORMA S.A', 'Colombia');
INSERT INTO dbo.Editoriales ("Id", "nombre", "sede") VALUES ('1003', 'OTROS', 'Colombia');
*/

/*
INSERT INTO dbo.Autores (id, nombre, apellidos) VALUES (101, 'Gabriel', 'Garcia Marquez');
*/

--alter table dbo.Libros alter column sinopsis varchar(3000)
/*
INSERT INTO dbo.Libros ("id", "titulo", "sinopsis", "n_paginas", "editorial_id") VALUES (1, 'Cien Años de Soledad', 'Señalada como «catedral gótica del lenguaje», este clásico del siglo XX es el enorme y espléndido tapiz de la saga de la familia Buendía, en la mítica aldea de Macondo. Un referente imprescindible de la vida y la narrativa latinoamericana. «Muchos años después, frente al pelotón de fusilamiento, el coronel Aureliano Buendía había de recordar aquella tarde remota en que su padre lo llevó a conocer el hielo. Macondo era entonces una aldea de veinte casas de barro y cañabrava construidas a la orilla de un río de aguas diáfanas que se precipitaban por un lecho de piedras pulidas, blancas y enormes como huevos prehistóricos. El mundo era tan reciente, que muchas cosas carecían de nombre, y para mencionarlas había que señalarlas con el dedo.» Con estas palabras empieza la novela ya legendaria en los anales de la literatura universal, una de las aventuras literarias más fascinantes de nuestro siglo. Millones de ejemplares de Cien años de soledad leídos en todas las lenguas y el Premio Nobel de Literatura coronando una obra que se había abierto paso «boca a boca» -como gusta decir al escritor- son la más palpable demostración de que la aventura fabulosa de la familia Buendía-Iguarán, con sus milagros, fantasías, obsesiones, tragedias, incestos, adulterios, rebeldías, descubrimientos y condenas, representaba al mismo tiempo el mito y la historia, la tragedia y el amor del mundo entero. Pablo Neruda dijo...«El Quijote de nuestro tiempo.»', '496', 1005);
INSERT INTO dbo.Libros ("id", "titulo", "sinopsis", "n_paginas", "editorial_id") VALUES (2, 'El amor en los tiempos del cólera', 'García Márquez traza la historia de un amor que no ha sido correspondido por medio siglo. Aunque nunca parece estar propiamente contenido, el amor fluye a través de la novela de mil maneras: alegre, melancólico, enriquecedor, siempre sorprendente. «La de don Gabriel es una sombra que ilumina. Y sigue presente [...] porque es un tipo que nos pertenece todos, porque es un clásico.»Darío Jaramillo La historia de amor entre Fermina Daza y Florentino Ariza, en el escenario de un pueblecito portuario del Caribe y a lo largo de más de sesenta años, podría parecer un melodrama de amantes contrariados que al final vencen por la gracia del tiempo y la fuerza de sus propios sentimientos, ya que García Márquez se complace en utilizar los más clásicos recursos de los folletines tradiciones. Pero este tiempo -por una vez sucesivo, y no circular-, este escenario y estos personajes son como una mezcla tropical de plantas y arcilla que la mano del maestro moldea y con las que fantasea a su placer, para al final ir a desembocar en los territorios del mito y la leyenda. Los jugos, olores y sabores del trópico alimentan una prosa alucinatoria que en esta ocasión llega al puerto oscilante del final feliz. «Era inevitable: el olor de las almendras amargas le recordaba siempre el destino de los amores contrariados. El doctor Juvenal Urbino lo percibió desde que entró en la casa todavía en penumbras, adonde había acudido de urgencia a ocuparse de un caso que para él había dejado de ser urgente desde hacía muchos años. El refugiado antillano Jeremiah de Saint-Amour, inválido de guerra, fotógrafo de niños y su adversario de ajedrez más compasivo, se había puesto a salvo de los tormentos de la memoria con un sahumerio de cianuro de oro. » Encontró el cadáver cubierto con una manta en el catre de campaña donde había dormido siempre, cerca de un taburete con la cubeta que había servido para vaporizar el veneno.» La crítica dijo...«La voz garciamarquiana alcanza aquí un nivel en el que resulta a la vez clásica y coloquial, opalescente y pura, capaz de alabar y maldecir, de reír y llorar, de fabular y cantar, de despegar y volar cuando es necesario.»Thomas Pynchon, The New York Times.', '496', 1005);
INSERT INTO dbo.Libros ("id", "titulo", "sinopsis", "n_paginas", "editorial_id") VALUES (3, 'Crónica de una muerte anunciada', '«El día en que lo iban a matar, Santiago Nasar se levantó a las 5.30 de la mañana para esperar el buque en que llegaba el obispo.» Acaso sea Crónica de una muerte anunciada la obra más «realista» de Gabriel García Márquez, pues se basa en un hecho histórico acontecido en la tierra natal del escritor. Cuando empieza la novela, ya se sabe que los hermanos Vicario van a matar a Santiago Nasar -de hecho, ya le han matado- para vengar el honor ultrajado de su hermana Ángela, pero el relato termina precisamente en el momento en que Santiago Nasar muere. El tiempo cíclico, tan utilizado por García Márquez en sus obras, reaparece aquí minuciosamente descompuesto en cada uno de sus momentos, reconstruido prolija y exactamente por el narrador, que va dando cuenta de lo que sucedió mucho tiempo atrás, que avanza y retrocede en su relato y hasta llega mucho tiempo después para contar el destino de los supervivientes. La acción es, a un tiempo, colectiva y personal, clara y ambigua, y atrapa al lector desde un principio, aunque este conozca el desenlace de la trama. La dialéctica entre mito y realidad se ve potenciada aquí, una vez más, por una prosa tan cargada de fascinación que la eleva hasta las fronteras de la leyenda. Otros autores opinan...«Un genio.»Julio Cortázar «La suya es una devoción sin límites por las letras, desorbitada, febril, insistente, insomne entrega a las secretas maravillas de la palabra escrita.»Álvaro Mutis «Su mundo era el mío, traducido al español. No es extraño que me enamorara de él, no por su magia, sino por su realismo.»Salman Rushdie «La voz garciamarquiana alcanza aquí un nivel en el que resulta a la vez clásica y coloquial, opalescente y pura, capaz de alabar y maldecir, de reír y llorar, de fabular y cantar, de despegar y volar cuando es necesario.»Thomas Pynchon.', '142', 1005);
INSERT INTO dbo.Libros ("id", "titulo", "sinopsis", "n_paginas", "editorial_id") VALUES (4, 'El coronel no tiene quien le escriba', 'La segunda novela del maestro colombiano, una historia de injusticia y violencia. El coronel no tiene quien le escriba fue escrita por Gabriel García Márquez durante su estancia en París, adonde había llegado, a mediados de los cincuenta, como corresponsal de prensa y con la secreta intención de estudiar cine. El cierre del periódico para el que trabajaba le sumió en la pobreza mientras redactaba en tres versiones distintas esta excepcional novela, que luego fue rechazada por varios editores antes de su publicación. Tras el barroquismo faulkneriano de La hojarasca, esta segunda novela supone un paso hacia la ascesis, hacia la economía expresiva, y el estilo del escritor se hace más puro y transparente. Se trata también de una historia de injusticia y violencia: un viejo coronel retirado va al puerto todos los viernes a esperar la llegada de la carta oficial que responda a la justa reclamación de sus derechos por los servicios prestados a la patria. Pero la patria permanece muda... «El coronel destapó el tarro del café y comprobó que no había más de una cucharadita. Retiró la olla del fogón, vertió la mitad del agua en el piso de tierra, y con un cuchillo raspó el interior del tarro sobre la olla hasta cuando se desprendieron las últimas raspaduras del polvo de café revueltas con óxido de lata. Mientras esperaba a que hirviera la infusión, sentado junto a la hornilla de barro cocido en una actitud de confiada e inocente expectativa, el coronel experimentó la sensación de que nacían hongos y lirios venenosos en sus tripas. Era octubre. Una mañana difícil de sortear, aun para un hombre como él que había sobrevivido a tantas mañanas como esa. Durante cincuenta y seis años -desde cuando terminó la última guerra civil- el coronel no había hecho nada distinto de esperar. Octubre era una de las pocas cosas que llegaban.» El escritor Mario Benedetti dijo...«Creo, y más de una vez lo he afirmado, que la obra maestra de García Márquez se llama El coronel no tiene quien le escriba.»', '104', 1005);
INSERT INTO dbo.Libros ("id", "titulo", "sinopsis", "n_paginas", "editorial_id") VALUES (5, 'Camino a Macondo', 'Un fascinante recorrido literario a través de las ficciones que contribuyeron a la construcción del espacio mítico de Cien años de soledad. «...lo que hay entre La hojarasca y Cien años de soledad son unos quince años de fastidiarse mucho, de vivir mucho y de estar pendiente de esto todos los días, tratando de ver cómo eran las cosas.» Gabriel García Márquez García Márquez sostuvo en diversas oportunidades que para escribir un libro primero había que aprender a escribirlo y, solo entonces, enfrentarse a la máquina de escribir. A él le tomó casi veinte años "vivir" en Macondo, para aprender a escribir ese portento de la literatura de todos los tiempos que es Cien años de soledad. Esta antología, realizada con el ánimo de rastrear la andadura del escritor, compila todos los textos publicados en los que ese universo mítico fue tomando forma. Desde sus apuntes para una novela de 1950 y primeros relatos, hasta La hojarasca, El coronel no tiene quien le escriba y La mala hora en 1966, en lo que supone la efervescente antesala a la creación de Cien años de soledad. Bienvenido, lector, a este Camino a Macondo. Reseñas:«Me tranquiliza saber que alguien me recordará en Macondo.»Gabriel García Márquez «El imaginario del novelista se ha convertido en un lugar mítico de las letras universales.»La Razón', '552', 1006);
*/

/*
INSERT INTO dbo.Autores_has_libros ("autores_id", "libros_id") VALUES (101, 1);
INSERT INTO dbo.Autores_has_libros ("autores_id", "libros_id") VALUES (101, 2);
INSERT INTO dbo.Autores_has_libros ("autores_id", "libros_id") VALUES (101, 3);
INSERT INTO dbo.Autores_has_libros ("autores_id", "libros_id") VALUES (101, 4);
INSERT INTO dbo.Autores_has_libros ("autores_id", "libros_id") VALUES (101, 5);
*/
/*
SELECT 
	AU.apellidos + ' '+ AU.nombre AS 'Autor',	
	ED.nombre as 'Editorial',
	LB.titulo as 'Titulo',
	LB.n_paginas as 'Num Paginas',
	LB.sinopsis as 'Sinopsis'
FROM  dbo.Libros			LB  With(NoLock) 
INNER JOIN dbo.Editoriales	ED  With(NoLock) ON ED.id = LB.editorial_id  
INNER JOIN DBO.Autores_has_libros HAS With(NoLock) ON HAS.libros_id = LB.id 
INNER JOIN DBO.Autores AU With(NoLock) ON AU.id = HAS.autores_id

*/


/*  
INSERT INTO dbo.usuario(id, usuario, password) VALUES(1, 'ADMIN', '12345') 
*/

exec DBO.sp_listar_biblioteca